{
  "noticias": [
    {
      "id": "1",
      "titulo": "Tecnologia avança com IA Generativa",
      "texto": "Pesquisas em IA generativa impulsionam setores como saúde e entretenimento, trazendo novos desafios éticos e de regulamentação."
    },
    {
      "id": "3",
      "titulo": "Cientistas descobrem exoplaneta habitável",
      "texto": "Astrônomos identificam planeta fora do sistema solar com condições favoráveis para abrigar vida, reforçando buscas por sinais extraterrestres."
    },
    {
      "id": "8967",
      "titulo": "oioi",
      "subtitulo": "teste",
      "texto": "TESTE"
    }
  ]
}